date,temp,lowest_temp,highest_temp,rain,humidity,total_sun,snow,cloud
2014-01-01,4,0.3,7.9,0,51.3,6.4,,2.1
2014-01-02,1.5,-1.3,6.2,,35.4,9,,0.3
2014-01-03,2.3,-1.1,7.3,,54.4,2.7,,4.6
2014-01-04,-0.1,-3.7,5.6,,47.1,8.7,,0.9
2014-01-05,-0.8,-4.3,3.8,,48.4,8,,2.1
2014-01-06,0.8,-3.7,6.4,,50.4,8.1,,3.1
2014-01-07,3,0.3,5.5,0,56,0,,8.5
2014-01-08,0.5,-5.7,4,0,56.6,3.5,,7.4
2014-01-09,-7.8,-10.4,-4.3,,26.3,9.3,,0
2014-01-10,-4.7,-9.3,-0.9,0,48.6,4.4,,3.1
2014-01-11,-1.7,-5.4,2.4,,44.1,6.4,,4.5
2014-01-12,-2.4,-7.7,2.5,0,43.5,6.4,,2.5
2014-01-13,-6.2,-10.5,-1.6,,26,9.3,,0
2014-01-14,-4.3,-8.9,1.1,,33.8,9.1,,0
2014-01-15,-2.9,-7.6,2.2,,42,9,,0.9
2014-01-16,0.1,-4,3.6,,59.9,1.1,,6.8
2014-01-17,-0.1,-3.7,3.8,,55.9,6.2,,1.8
2014-01-18,-2.2,-4.9,0.8,,42.4,8.4,,0.4
2014-01-19,-2.6,-7.4,2.4,0,44.8,6.2,,4.9
2014-01-20,-1.5,-4.2,1.9,5.3,83.3,0,5.3,9.6
2014-01-21,-5.5,-7.2,-3.1,0.7,62.6,3.1,6.1,5.3
2014-01-22,-3.9,-9.5,1.6,,60,9,4.5,1
2014-01-23,-0.8,-5.2,4.1,,65.6,5.8,3.8,3.4
2014-01-24,3,-1.1,5.7,,64.4,0,2.5,8.5
2014-01-25,4.2,-0.4,6.3,3,74.4,0,,7
2014-01-26,-2.1,-5.3,2.3,,42.1,9.5,,0
2014-01-27,0.2,-5.4,6,,48,8.7,,1.6
2014-01-28,1.5,-3,4.6,0.5,52.8,8.1,,3.6
2014-01-29,2.2,-5.3,8.2,,40.1,7.9,,4.3
2014-01-30,4,-1,6.5,3.5,66.1,0.9,,5.8
2014-01-31,1.3,-4.3,7,,26.1,9.2,,1
2014-02-01,4.9,3.7,6,11,63.8,0,,9.6
2014-02-02,4.9,2.8,6.5,0.5,91.6,0,,8.9
2014-02-03,-3.5,-8.2,2.8,,38.5,4.6,,2.6
2014-02-04,-7.4,-10.5,-3.7,,25.9,9.7,,0.1
2014-02-05,-4.8,-8.9,0.3,,27.5,7.2,,4.5
2014-02-06,-1.3,-5.2,4.5,,29.8,6.7,,5
2014-02-07,2.4,-2,7.6,0,47.3,5.2,,8.4
2014-02-08,0.2,-1.5,2.5,4.3,79.4,0.9,5.8,9.8
2014-02-09,-1.6,-3.4,0.7,0.2,76.5,1.6,5.8,8
2014-02-10,-0.1,-2.9,4.4,0.2,55,6,4,4.5
2014-02-11,0.2,-3.8,5.2,,42.1,9.7,,0.8
2014-02-12,1.2,-2,5.1,0,49.3,5.1,,4.4
2014-02-13,1.9,-2.1,6.5,,46.1,6.5,,5.6
2014-02-14,2.7,-0.7,7.6,,47.3,6.8,,4
2014-02-15,2.7,-1.9,8.5,,54.6,9.8,,0.4
2014-02-16,2.8,-1.1,8.1,,53.3,2.9,,5.8
2014-02-17,4.2,0.9,8.5,,45.5,3.2,,6.4
2014-02-18,2.5,0.3,5.4,,45.9,3.1,,5.3
2014-02-19,2.1,-1.9,6.7,,48.6,8.1,,3.5
2014-02-20,1.2,-1.2,5.5,,61.5,7.8,,0.9
2014-02-21,0.9,-4,6.9,,49.1,10.1,,0
2014-02-22,2.2,-2.1,7.4,,49.3,9.4,,1.4
2014-02-23,3.1,-1.8,8.5,,50.6,7.3,,0
2014-02-24,4.1,-0.3,9.3,,58,6.3,,0
2014-02-25,5.7,0.6,12.3,,59.9,8,,0
2014-02-26,8.4,1.4,16.4,,44.9,8.2,,1
2014-02-27,7.7,3.8,13.1,,55.4,5.4,,4.8
2014-02-28,6.7,1.3,12.3,,58.8,4.3,,6.3
2014-03-01,6,3.3,9.4,,61.1,1,,8.1
2014-03-02,4.5,-0.2,10.1,,46.4,10.5,,0.6
2014-03-03,5.2,-1,11.9,,34.4,10.4,,0
2014-03-04,6.3,2.2,12.3,,48,6.3,,5.5
2014-03-05,1.4,-1.4,5.3,0,44.8,10.7,,0.5
2014-03-06,0.3,-3,5,0,43.4,9.6,,1.9
2014-03-07,-0.6,-4.6,4.3,,45.9,10.6,,1.8
2014-03-08,2,-2.2,7,,55,7.4,,5.1
2014-03-09,1.4,-1.6,4.8,2.2,56.4,9.9,1.9,3.4
2014-03-10,1.5,-3.6,7.7,,50.4,11.1,,0
2014-03-11,4.5,-0.9,9.4,,65,4.3,,2.5
2014-03-12,6.9,4,9.5,0.2,75.8,0.9,,8.6
2014-03-13,5.2,1.6,8.3,0,54.5,0.8,,7.6
2014-03-14,3.4,-1.5,8.5,,54.6,10.5,,1
2014-03-15,6.8,0.1,13.4,,66.8,7,,1.1
2014-03-16,11.3,5.7,18.5,,68.3,7.3,,3
2014-03-17,12.6,6.9,19.4,0.5,79,5.4,,6.5
2014-03-18,10.5,7.7,16,0.4,75.3,7.1,,6.3
2014-03-19,9.6,7.4,12.3,,65.5,0.1,,7.1
2014-03-20,6.3,2.8,10.3,0.4,71.3,4.1,,6.8
2014-03-21,5.9,1.2,12,,52.5,11.4,,0.3
2014-03-22,8.6,2.3,15.5,,63.5,9.9,,1
2014-03-23,9.6,4.6,15.5,,63.6,10.1,,0
2014-03-24,10.9,4.6,15.3,0,60.5,7.7,,5.9
2014-03-25,14.6,11.9,18.2,0,75.9,0.7,,10
2014-03-26,15.4,11.8,21.9,0,64.6,6.4,,5.4
2014-03-27,13.5,7.7,20.4,,68.9,7.9,,0.9
2014-03-28,16.6,11.3,23.8,,57.3,7,,5.5
2014-03-29,15,13.2,18,3.5,73.4,0,,9.5
2014-03-30,14.9,10.2,20.6,0,63.5,10.7,,2.9
2014-03-31,14.5,8.8,20.2,,49.3,7.9,,3.1
2014-04-01,15.6,9.5,23,,33.8,10.4,,2.4
2014-04-02,15.5,9.9,21.9,,30,10.1,,4.3
2014-04-03,10.2,5.5,13.6,0.5,63,0,,8
2014-04-04,6.6,2.3,11.7,,52.6,10,,3.8
2014-04-05,6.2,3.5,11,0,60.5,8.2,,3.5
2014-04-06,7.4,2.3,12.8,,50.6,12.1,,0.5
2014-04-07,10.3,4.9,16.7,,64.9,9.3,,3.4
2014-04-08,11.9,5.7,19.7,,60.9,11.5,,0
2014-04-09,10.3,7,15.3,,85.3,6.5,,5.8
2014-04-10,12.5,7.2,20,,71.5,7.7,,5.9
2014-04-11,13.6,10.1,18.7,,69.5,7.5,,5.3
2014-04-12,14.3,11.1,17.2,,68.8,0,,9.4
2014-04-13,17.2,13.2,24.3,,54.9,7.2,,6.4
2014-04-14,16.3,12.1,22.4,,53.3,10.6,,0.5
2014-04-15,12.9,9.3,16.8,,80.1,6.7,,4.1
2014-04-16,14,10,19.4,,81,1.7,,6.8
2014-04-17,14.7,8.4,20.9,3,67.4,4.4,,6.9
2014-04-18,15.9,12,23,,59.9,8.2,,4.3
2014-04-19,14,11.4,18.4,,56,1.3,,7.9
2014-04-20,14.6,10,21.6,,54.4,11.3,,3.1
2014-04-21,15.1,9.8,21.4,,55.1,10.8,,3.9
2014-04-22,16,9.6,23.3,,43.1,10.5,,2.1
2014-04-23,17.2,10.4,24.9,,49.4,11.8,,0
2014-04-24,18.6,12.1,26.2,,49,9.7,,0.6
2014-04-25,19,12.3,25.9,,32.5,11.5,,0.4
2014-04-26,18.7,13.3,25.4,,38.9,5,,7.9
2014-04-27,15.6,13.6,18.3,8.5,86.6,0.2,,10
2014-04-28,13.6,12.2,15,13.5,91.6,0,,10
2014-04-29,15,11.9,18.9,5.5,69.5,2.2,,9.3
2014-04-30,16.1,11.4,21.4,0,62.1,6.8,,5.9
2014-05-01,16,10.4,22.1,,60.5,12,,0
2014-05-02,15.7,11.1,24.8,1,70.9,7.9,,6
2014-05-03,13.1,8,19.3,,54.6,13.1,,1.3
2014-05-04,12.3,8.5,20.5,0.2,57.8,5.8,,5.8
2014-05-05,11.3,6.8,15.5,,56.5,12.8,,1.3
2014-05-06,13.1,7.6,19,,45.9,12.6,,0
2014-05-07,15.7,8.7,22.3,2,48.3,10.4,,6.4
2014-05-08,14.5,11.5,19.5,4,83.9,6.7,,5.4
2014-05-09,16.8,9.8,23.8,,60.8,11.5,,0.3
2014-05-10,20.5,12.9,28.3,,43.4,12.4,,0.6
2014-05-11,18.9,15.9,23.8,23,54.4,0.8,,8.3
2014-05-12,16.4,13.6,20.4,10,79.1,7.5,,5.9
2014-05-13,19.2,11.9,25.6,,69.9,11.7,,1.9
2014-05-14,19.6,15.3,25.9,,59.1,11.6,,3.4
2014-05-15,18.2,14.5,23.7,0.3,66.9,11.3,,2.6
2014-05-16,19,12.3,26.2,,50.3,12,,1
2014-05-17,20,14.3,26.2,,48,12.3,,3.6
2014-05-18,20.3,13.7,27.1,,50.1,12.6,,1.8
2014-05-19,20,14.1,26.2,,55.1,8.5,,4.4
2014-05-20,21.5,16.1,28.4,,45.4,6.2,,5.6
2014-05-21,20.1,15.9,26.5,,65.3,12,,2.4
2014-05-22,20.9,13.6,28.3,,63.4,12.5,,0.5
2014-05-23,22,17.6,27.8,,68.4,8.8,,3
2014-05-24,21.3,16.9,27.9,,68.8,5,,7.8
2014-05-25,20.5,18.3,24.9,21,78.9,0,,10
2014-05-26,19.4,16.5,24.7,1.5,67.4,9.4,,4.4
2014-05-27,22.8,16.7,28.3,,49.5,12.1,,0.8
2014-05-28,24,19.9,29.8,,60.8,9.4,,1.5
2014-05-29,23.2,17.5,30.9,,54.6,12.4,,0.9
2014-05-30,24.8,17.3,31.8,,42.5,12,,0.1
2014-05-31,26.2,20.5,33.3,,50.3,10.7,,1.3
2014-06-01,24.7,20.4,29.9,,58.1,4.2,,8
2014-06-02,22.6,20.6,24.6,2,73.5,0.1,,10
2014-06-03,18.7,17.5,21,33,95.3,0,,8.6
2014-06-04,22.8,18.7,27.8,,61.5,7.9,,6.5
2014-06-05,22.9,20.4,26.1,,58.8,0.6,,7.6
2014-06-06,24.4,18.8,31.1,,58.9,12.1,,1.4
2014-06-07,23.5,19.7,27.1,,65.1,6.1,,6
2014-06-08,21.4,19.2,24.5,,75.3,2.8,,8
2014-06-09,22.9,18.5,28.7,,70.8,8.6,,5.9
2014-06-10,23.6,20,29.3,5.5,72,6.5,,6.3
2014-06-11,20.5,18.3,26.9,19,87.1,4.3,,9.1
2014-06-12,21.2,17.3,27.1,0.1,73.9,8.7,,6.8
2014-06-13,21.3,18.4,25.8,0,79,4.8,,6.4
2014-06-14,22.5,18.3,27.7,,71.6,12,,3.9
2014-06-15,23.2,19.5,28.5,,69.9,11.6,,4.5
2014-06-16,23.9,19.1,29,,66.4,10.9,,6.6
2014-06-17,24.5,21.5,30.7,3.5,71.8,5.3,,7.8
2014-06-18,24.4,20.5,29.1,0.1,71.3,9.7,,5.4
2014-06-19,22.5,20.8,25.6,0,79.3,2.7,,8
2014-06-20,24.2,20.7,28.6,1.5,76.5,1.7,,9.1
2014-06-21,23.1,19.8,28.2,8.5,80.9,1,,8.8
2014-06-22,23.7,20.2,29,0.4,74.4,5.8,,8
2014-06-23,21,19.4,23.2,24.5,91.4,1.5,,7.8
2014-06-24,22.9,19.4,27.2,,74.6,9.7,,4.8
2014-06-25,23.8,20.2,29,,74.1,5.1,,6.3
2014-06-26,24.4,20.2,29.5,,68,10.5,,5.9
2014-06-27,24.1,20.6,29.5,,74.8,9.8,,5.4
2014-06-28,23.8,21.3,28.4,0,71.6,7.4,,7.1
2014-06-29,24.1,20.9,29.8,,70.3,3.2,,6.9
2014-06-30,25.3,21.2,30.2,,68,10.3,,3.4
2014-07-01,26,21.1,31.2,,67.8,8,,3.6
2014-07-02,25.7,22.1,31.1,20.5,77.3,3.7,,8.4
2014-07-03,22.6,21.4,24.7,2,85.5,0.9,,9.6
2014-07-04,26.8,21.6,32.3,,62.1,11.3,,4.1
2014-07-05,25.7,22.3,29.7,,70.4,3.9,,6.1
2014-07-06,25.7,23,29.5,,65.8,7.2,,6.4
2014-07-07,27.1,20.8,33.8,,61.4,13.2,,2.5
2014-07-08,25.9,23.7,29.3,0.2,73,3.6,,7.6
2014-07-09,27.6,25.6,33,0.5,78.3,2.5,,9.4
2014-07-10,28.9,24.6,33.6,,57.9,10.1,,6.3
2014-07-11,27.1,23,32.8,,63.4,12,,2.3
2014-07-12,25.3,22.9,29.6,,74.3,0.8,,7.4
2014-07-13,25.4,23,29.4,,73.4,5.9,,7.8
2014-07-14,26.4,22.8,30.7,,70.8,9.2,,4.8
2014-07-15,26.8,23.9,32.3,,69.4,3.8,,7
2014-07-16,26.6,23.5,32.2,,68.4,7,,5.6
2014-07-17,25.9,23.6,29.6,0.2,75.9,3.2,,8.4
2014-07-18,26.1,22.6,30.6,1.5,80.5,5.8,,7.6
2014-07-19,27,24.7,30.7,,79.8,0.2,,9
2014-07-20,27.9,24.6,33.2,,75.8,5.5,,6.4
2014-07-21,27.3,24.4,31.6,,73.9,7,,6
2014-07-22,25.9,24.6,28.2,16.5,83.9,0,,9.8
2014-07-23,23.6,21.7,25.2,55,90,0.7,,10
2014-07-24,21.9,19.1,24.5,48,92.8,1.3,,9.3
2014-07-25,27.5,22.1,33.7,59.5,81.9,4.9,,9.5
2014-07-26,22.6,20.8,27.3,2.5,86.1,0.8,,9.3
2014-07-27,25,21.4,30.6,,75,6.8,,4
2014-07-28,26.6,21.6,31.3,,71.6,7.6,,5
2014-07-29,26.5,23.4,30.1,,68.4,9.8,,5.4
2014-07-30,28.6,25,33.5,,70.6,8.1,,6.5
2014-07-31,28.6,25.8,34.4,1.5,75.9,7.9,,6.8
2014-08-01,30.2,24.7,34.7,,63.4,9.5,,4.9
2014-08-02,31.4,28.7,35.8,0,55,6.6,,8
2014-08-03,26.5,24.1,30.5,13,87.6,1,,9.6
2014-08-04,26.4,24.7,29.6,6.5,93,0.9,,9
2014-08-05,26.6,25,29.2,0,87.5,1.6,,8
2014-08-06,24.4,22.5,26.2,10.5,92.4,0,,10
2014-08-07,24.7,22.6,27.1,0.2,91.1,0.7,,7.9
2014-08-08,26.1,21.9,30.6,,62.3,11.7,,2.1
2014-08-09,26.5,22.3,31.6,,48.4,11.5,,4.6
2014-08-10,23.4,19.6,27.7,42.5,79.4,0.7,,8.3
2014-08-11,23.7,18.3,28.6,,78.4,12,,4.5
2014-08-12,25.8,22.3,30.4,,77.8,10,,5.6
2014-08-13,24.2,22.5,26.7,0,75.3,0,,9.4
2014-08-14,22.3,21.4,24.2,0.5,78.6,0.2,,9.3
2014-08-15,24.9,20.9,29.6,,72.9,6.4,,5.3
2014-08-16,26.1,22.2,31.8,,73.9,8.8,,5.1
2014-08-17,24,22.9,25,3,81.1,0,,9.6
2014-08-18,22.3,20.9,24.4,11.5,90,0.5,,10
2014-08-19,22.3,20.4,25.3,4.5,96.6,0.4,,9.8
2014-08-20,24.8,22.4,28,0.5,86,1,,9.9
2014-08-21,23.1,21.8,24.6,46.5,96.5,0.2,,9.6
2014-08-22,24.7,21.8,28.2,15,83.4,7.7,,7.9
2014-08-23,25.2,22.8,29.7,0.5,79.5,6.3,,7.6
2014-08-24,25.6,20.7,30.7,0.1,75.5,7,,8.1
2014-08-25,25.9,24.1,28.6,0,71.8,1.2,,9.3
2014-08-26,25.4,21.6,29.6,11.5,71.4,3.8,,6.3
2014-08-27,24.6,21.1,28.6,,66.8,8.7,,6.6
2014-08-28,25.1,19.8,30.7,,65.3,11.2,,1.6
2014-08-29,25.2,21,30.1,6.5,71.9,7.8,,4.5
2014-08-30,24.6,19.9,30.7,,71.6,9.7,,2.4
2014-08-31,24.1,20.7,29,,68.6,3.6,,6.3
2014-09-01,24.1,20.4,29.7,1.5,72.5,6.2,,6.1
2014-09-02,23.1,19.3,27.7,6,73.6,2.6,,8.5
2014-09-03,19.1,17.4,20.6,57.5,99.8,0,,9.8
2014-09-04,22.4,18,27.6,,79.4,11.9,,3.6
2014-09-05,23.8,20,29,,76,7.9,,5.5
2014-09-06,25.2,20.3,30.8,,66.9,9.9,,3.5
2014-09-07,25.3,19.8,31.3,,72.1,9.6,,2.6
2014-09-08,24.8,20.6,30.2,,75,11.1,,2.6
2014-09-09,23.3,19.9,28.2,,66.5,8.8,,4.6
2014-09-10,22.4,16.7,28.9,,60.6,11.7,,0.1
2014-09-11,23.3,17.5,29.2,,61.1,10.9,,2.4
2014-09-12,21.3,18.6,26.6,0.1,74.9,2.1,,6.9
2014-09-13,23.1,18.6,28.3,,60.9,10.1,,2
2014-09-14,23,18.2,28.4,,60.6,9.8,,5.8
2014-09-15,23.1,20.6,27.5,,64.9,4.4,,7.9
2014-09-16,21.3,15.8,27,,43.8,9.9,,6.1
2014-09-17,20.2,17.6,22.6,,52.3,0,,7.9
2014-09-18,20.6,16.2,27,,56.5,9.2,,3.3
2014-09-19,21.4,14.9,28.4,,55,10.6,,0.9
2014-09-20,21.6,15.4,28.1,,52.5,11.4,,0.8
2014-09-21,20.2,17.5,25.6,0,61.6,4.4,,4.5
2014-09-22,21.4,15,27.9,,57.5,11.1,,0.6
2014-09-23,23,18.1,29,,52.1,9.9,,5.6
2014-09-24,20.3,18,23.8,6.5,77.9,2.5,,8.4
2014-09-25,22.2,17.7,27.7,,66.9,8,,3.9
2014-09-26,21,18.6,24.2,0,78.1,3,,7.8
2014-09-27,21.4,18.3,25.1,,79,6.8,,5.8
2014-09-28,21.7,19.2,24.7,0.5,85.5,0.3,,8.9
2014-09-29,19.4,17.7,20.7,16,99,0,,8.5
2014-09-30,18.9,15.4,23.7,,72.5,10.2,,3
2014-10-01,19.2,14.9,24.4,,68.6,7.2,,5.9
2014-10-02,18.1,17.1,20.1,9,89,0,,8.6
2014-10-03,16.1,13.4,20.8,,74.3,5.9,,4.1
2014-10-04,16.9,11.6,23,,62,10.8,,1.1
2014-10-05,17.1,12.5,23.2,,53.1,10.8,,1.3
2014-10-06,16.6,10.5,22.6,,57,10.6,,1
2014-10-07,16.1,11.6,22.5,,64.8,9.9,,1.6
2014-10-08,16.7,10,23.6,,61.5,10.6,,2.3
2014-10-09,18.6,12.4,25.4,,60.4,10.4,,1.3
2014-10-10,19,12.5,26.3,,63.3,10.6,,0.3
2014-10-11,19.4,13.6,25.6,,57.4,10.7,,0
2014-10-12,21.2,13.9,29,,48.5,10.2,,3.9
2014-10-13,17.4,11,21.7,,51.9,9.3,,2.6
2014-10-14,13.8,8.5,20,,51.8,10.7,,0.1
2014-10-15,13.8,8.9,20,,60.4,9.1,,2.1
2014-10-16,13.2,9.3,18,2.5,53.8,7.9,,3.5
2014-10-17,13.6,6.6,21.2,,53.8,10.2,,0.6
2014-10-18,15.5,9.4,22.5,,68.9,9.6,,0
2014-10-19,17,11.2,22.7,,61,6.2,,6
2014-10-20,14.4,12.9,17.1,21.5,97.8,0,,10
2014-10-21,13.8,11.9,15.7,18.5,92.8,0,,10
2014-10-22,13.6,10.4,18.7,,69,8.1,,5.1
2014-10-23,13.8,8.5,20.6,,67.8,9.9,,1
2014-10-24,15.1,9.9,21,,78,7.5,,4.5
2014-10-25,16.5,12.9,22.2,,81.1,6,,3.1
2014-10-26,16,11.6,19.9,0.5,76.9,2.9,,6
2014-10-27,10.7,6.1,16.9,,35.3,9.8,,0.4
2014-10-28,10.2,2.7,19.4,,43.4,9.7,,0
2014-10-29,12.1,4.9,20.8,,46.4,9,,2
2014-10-30,14.2,7.7,20.8,,45.8,5.9,,5
2014-10-31,15,12.8,18.2,0.2,62.1,0.3,,9.5
2014-11-01,17.3,15.1,22.9,,63.4,6,,7.1
2014-11-02,12,7.1,15.4,2.5,50.5,8.3,,4.9
2014-11-03,9.3,3.8,14.8,,40.9,9.7,,0.5
2014-11-04,11.3,5.4,18.5,,60.5,9.7,,0
2014-11-05,12.4,6.4,18.4,,65.6,8,,3.3
2014-11-06,13.5,9.5,17.7,0.5,61,6.8,,4.5
2014-11-07,9.8,5.1,16.5,,52.5,9.5,,2.4
2014-11-08,9.9,6.9,15.1,,61.9,0.8,,7.6
2014-11-09,10,6.3,15.5,,46.3,9.5,,0.9
2014-11-10,9.4,3.5,16.5,,49.9,9.7,,0
2014-11-11,9.4,4.6,14.5,2,67.4,7.1,,4.6
2014-11-12,6,-1.3,10,5,50.6,8.4,,4.5
2014-11-13,-0.2,-3.1,4.3,,38.5,9.4,,0.9
2014-11-14,4.2,-1.4,10,0,54,9.5,,2.1
2014-11-15,4.1,-0.5,9.5,,38.3,9.3,,3.1
2014-11-16,6.6,2.6,12.4,1,42.6,7.5,,6.4
2014-11-17,6.2,3.8,9,1.5,75.5,5.7,,3.5
2014-11-18,5,1.7,10.4,,53.4,9.4,,0
2014-11-19,5.6,-0.6,12.6,,55.4,9,,2.3
2014-11-20,7.9,2.7,14.6,,61.9,8.8,,1.6
2014-11-21,11.3,5.9,16.5,,62.5,6.1,,5.3
2014-11-22,11,8,12.7,4,90.9,0.4,,8.4
2014-11-23,9,6.3,12.3,,80,1.6,,8.9
2014-11-24,9.8,8,13.2,,59.8,0,,9.9
2014-11-25,10.2,6.6,15.1,,56,5.7,,5.6
2014-11-26,11,8.2,16.3,,58.8,7.4,,3.5
2014-11-27,10.4,6.7,14.9,,69.9,3.3,,4.6
2014-11-28,8.8,6.5,10.1,18,88,0,,8.8
2014-11-29,8.3,5.5,12.8,,83.9,6.7,,4.4
2014-11-30,9.1,7.2,11.1,7,88.1,0.8,,9.4
2014-12-01,-1.1,-7.2,7.9,0.5,58.8,4.6,0.3,4.8
2014-12-02,-5.4,-8.2,-2.7,0,42.3,9,,1
2014-12-03,-3.3,-6.5,-0.5,0.9,70.6,4.5,1.7,6.3
2014-12-04,-4.6,-7.4,-0.2,0,43,8.9,,0.9
2014-12-05,-6.6,-10.1,-2.5,,45.5,9.3,,0
2014-12-06,-5.6,-8.8,-0.5,,47.5,9.1,,0.6
2014-12-07,-3.4,-8.2,0.2,,43.9,3.9,,7.4
2014-12-08,-1.6,-4.8,2.7,,48.4,8.9,,1.1
2014-12-09,-2.4,-7.4,4.1,,44.1,9,,2.3
2014-12-10,1.6,-1.9,4.2,2,58.8,0.7,,9.4
2014-12-11,-1.5,-5.2,3.2,0.5,64.8,7.2,,4.8
2014-12-12,-3.8,-7,0.5,0.1,70.4,4.2,0.2,3.6
2014-12-13,-5.2,-7.3,-2,,45.8,9.1,0.2,0
2014-12-14,-3.6,-8.6,0.6,0,60.5,5.4,,4.8
2014-12-15,-0.1,-1.7,2,10.5,90.6,0,3.5,8.1
2014-12-16,-4.9,-9.4,1.7,0,58.9,8.2,2.7,3.4
2014-12-17,-9,-11.1,-5.2,,41,9.2,2,1
2014-12-18,-8.3,-13.2,-2.2,,39.9,9.2,1.8,0
2014-12-19,-3.8,-8.1,0,0.9,54.5,0.4,2.2,7.4
2014-12-20,-1.7,-6.6,2.1,2,66,7.6,2.9,3.6
2014-12-21,-6.4,-9,-1.3,0,58.5,6,1.8,1.5
2014-12-22,-4.7,-9.7,0.8,0.3,64.6,6.6,2.1,3.3
2014-12-23,-1.3,-5.7,1.8,,67.1,2,1.1,6.1
2014-12-24,1.7,-3.1,6.4,0.2,66.8,7.6,0.5,3.8
2014-12-25,-2.6,-5.9,1.8,,52,9.2,,0
2014-12-26,-3.2,-7.4,2.5,,45.6,9.1,,0.4
2014-12-27,-1.8,-6.3,5,,46.8,8.7,,3.5
2014-12-28,-0.8,-3.6,1.6,,64.1,0.3,,7.5
2014-12-29,2.9,-0.5,6.4,,73.1,3.4,,5.8
2014-12-30,1.9,-1.6,6.3,,62.8,7.6,,0.3
2014-12-31,-1.9,-6.9,1.7,0,47.4,6.7,,4.1
2015-01-01,-7.7,-9.8,-4.3,,41.4,8.9,,0.8
2015-01-02,-6,-9,-1.9,,45.9,7.6,,1.9
2015-01-03,-2.7,-9.2,3.1,,56.1,7.9,,3.9
2015-01-04,2.5,0.2,8.5,0,70.1,3.6,,4.3
2015-01-05,3.7,-1.1,7.9,0.4,73.1,4.4,,7.1
2015-01-06,-3.2,-7.6,4,3,52.4,9.2,,2.6
2015-01-07,-5.5,-8.9,-0.6,,33.1,9.2,,0.3
2015-01-08,-5.1,-9.5,-0.2,,45.8,9.2,,0
2015-01-09,-2.1,-6.8,3.5,,58.3,9.1,,0.6
2015-01-10,-0.3,-5.6,4.8,,56.5,9.1,,0.6
2015-01-11,-0.4,-4.3,2.5,,57.8,9.2,,1.3
2015-01-12,-2.7,-7.3,3.7,,37.8,9.3,,0
2015-01-13,0.2,-5.1,5.8,,39.6,5.8,,5.4
2015-01-14,2.5,-0.3,6.1,,41.1,0.3,,9
2015-01-15,2.8,-1.1,9,,53.6,7.2,,2.6
2015-01-16,0.8,-2.5,3.4,0.3,73,1.3,,8.1
2015-01-17,-4.1,-7.7,0,,46,9.3,,0.3
2015-01-18,-1.3,-6.5,2.1,4,68.4,1.5,5.1,7.6
2015-01-19,-0.1,-4,3.1,0.1,68.1,7.4,4.6,1.6
2015-01-20,-0.9,-6.4,4.4,,55.8,8.7,0.5,4.6
2015-01-21,2.6,-1.2,6.5,,58.3,1.5,,8.8
2015-01-22,3.1,0.8,7.1,,60.6,1.6,,5.1
2015-01-23,1.2,-1.6,4.9,,66.4,6.7,,3.4
2015-01-24,3.7,0.8,8.4,,62.9,7.2,,6.3
2015-01-25,3,1.1,5,3,78.4,0,,9.5
2015-01-26,3.6,0.2,6.5,0.5,87.5,1.1,,8.4
2015-01-27,-3.6,-7.4,0.5,,55.4,9.4,,1.1
2015-01-28,-4.1,-9.1,2.7,,49.3,8.9,,1.6
2015-01-29,-1.1,-4.6,3,,56.4,0,,9.3
2015-01-30,-3.3,-7,0.8,,51.8,9,,3.3
2015-01-31,-4.5,-8.5,0.8,,46.4,9.7,,0
2015-02-01,-3,-8.2,3.6,,44.9,9.7,,0.3
2015-02-02,-0.6,-5.3,6.4,,47.3,7.6,,2.4
2015-02-03,0.6,-3.5,7.2,,54.5,9.1,,3.9
2015-02-04,0.4,-3.1,5.8,,64.5,7.9,,3.4
2015-02-05,-0.1,-3.8,4.8,,57.1,9,,0
2015-02-06,0.4,-4.3,6.5,,57.3,9.5,,2.1
2015-02-07,1.2,-2.7,5.7,,65.3,4.1,,6.5
2015-02-08,-9.8,-11.9,-2.8,,34.1,9.7,,0
2015-02-09,-5.7,-13,-0.1,0.2,54.6,7.3,0.3,3.4
2015-02-10,1.7,-2,5.8,,69,5,0.2,4.6
2015-02-11,2.7,-0.8,8,,60.3,8,,5
2015-02-12,-2.2,-4.7,1.6,,36.8,9.7,,0
2015-02-13,-1.6,-6.4,4,,46.4,9.8,,0
2015-02-14,2,-3.1,6.6,,72.9,0.3,,6.5
2015-02-15,7.9,3.2,13,,61.6,7.3,,8.3
2015-02-16,5,4.1,7.9,10.5,91.9,0,,10
2015-02-17,1.9,0.5,4.1,0.5,78.5,2.4,,9.4
2015-02-18,0.8,-1.5,3.3,0,72,1.6,,7
2015-02-19,2.2,-2.7,8.6,,67.1,8.9,,1.4
2015-02-20,5.2,-1.3,11.4,,55.3,7.2,,5.1
2015-02-21,5.7,4.8,6.7,8,79,0,,9.8
2015-02-22,3.5,-0.7,7,2.5,78,4.4,,6.3
2015-02-23,0.9,-2.4,5.9,,60.4,8,,2.9
2015-02-24,2.1,-1.1,7.5,,60,9.3,,2.9
2015-02-25,5.4,0.2,12.5,0.5,48.6,5.8,,7.8
2015-02-26,1.2,-3.5,4.7,0.5,56.9,9.1,,4.6
2015-02-27,-1.3,-5.6,4.8,,35.6,9.3,,2.4
2015-02-28,2.7,-2,6.4,,40.5,0,,8.6
2015-03-01,2.4,-0.2,5.9,0,56.8,5.5,,6.1
2015-03-02,3.9,-1.9,9.7,,43.5,10.3,,1.6
2015-03-03,2.8,-1.3,6.7,5.5,69.5,0,,9.4
2015-03-04,-2.1,-4.6,1.4,,43.4,10.8,,0.8
2015-03-05,-0.3,-5.4,5.5,,41.1,8.6,,3.9
2015-03-06,2.9,-3.2,10.4,,37.8,10.9,,0.5
2015-03-07,4.2,-2.3,11,,45.5,10.6,,0
2015-03-08,7.7,0.4,15.1,,42.5,8.2,,3.8
2015-03-09,2.2,-5.4,8.2,,43.4,9.4,,4
2015-03-10,-3.4,-6.9,1,,30.6,11,,0
2015-03-11,0.4,-5.1,7.5,,45.1,10,,1.4
2015-03-12,2.1,-3.5,6.7,,41,11.1,,2.1
2015-03-13,5.6,1.8,11,0.1,45.4,11,,1.8
2015-03-14,4.3,-1.2,11.6,,31.4,9.8,,2
2015-03-15,5.5,0,12.5,,42,10.1,,1.8
2015-03-16,9.8,1.3,18.6,,44.4,10,,2
2015-03-17,10.7,6.9,16.1,0,51.9,0.3,,7.9
2015-03-18,10.7,8.4,14.4,1.5,61.5,0,,9.8
2015-03-19,12.4,6.5,21,,50.9,10.6,,2.6
2015-03-20,13.4,7.6,21.9,,32.5,8.4,,4.8
2015-03-21,11.7,6.9,17.8,,31,8.3,,0.5
2015-03-22,8.3,2.2,14.9,,33.3,11.1,,0
2015-03-23,4.6,0,10.1,,24.3,11.5,,0.4
2015-03-24,5.4,-0.9,12.4,,32.8,11.6,,0
2015-03-25,6.5,0.1,14.2,,45.9,11.5,,0
2015-03-26,7.9,1.6,14.8,,47.5,11.6,,0
2015-03-27,9.1,3.2,16.2,,50.5,11.3,,0
2015-03-28,9.7,2.5,17,,35,10.3,,3.3
2015-03-29,10.5,7,16.5,,61.9,6.2,,5
2015-03-30,13.2,5.9,20.8,,57.4,10.8,,2
2015-03-31,12.9,10,14.9,2.5,80.6,0,,8.9
2015-04-01,12.9,10,17.6,2.5,67.9,5.3,,7.1
2015-04-02,14.8,8.5,21.8,28,70.5,4.8,,8.4
2015-04-03,10.6,6.9,15.1,3.5,83.4,2.4,,6.1
2015-04-04,13.5,8.9,18.5,0,48,5.5,,8
2015-04-05,10.5,10.1,12.2,0.5,75.1,0,,10
2015-04-06,10.3,6.9,15.4,,55.8,1.7,,8.8
2015-04-07,8.4,5.5,12.2,0,59.5,4.7,,7.6
2015-04-08,8.3,3.5,13.7,,52.5,8.3,,3.8
2015-04-09,9.6,3.8,16.3,,43,10.8,,2.8
2015-04-10,11.6,4.6,19.2,,40.5,11.6,,0.1
2015-04-11,13.5,6.7,20.7,,39.3,11.6,,0.4
2015-04-12,14.9,9.1,20.4,,30.6,3.8,,7.9
2015-04-13,12,7.4,17.6,6.5,53.9,5.6,,9
2015-04-14,6.9,5.8,8,10.5,89.9,0,,10
2015-04-15,11.1,5.6,17,1,72,8.5,,4.4
2015-04-16,9.9,6.9,14.8,7,69.5,1.1,,4.6
2015-04-17,10.5,4.8,16.1,,45.4,12.1,,0.3
2015-04-18,15.2,5.2,23.7,0,31.9,9.8,,5
2015-04-19,14.5,11.2,17.3,12,74.8,0,,9.9
2015-04-20,12.2,10.3,16.8,5.5,75.3,3.2,,6
2015-04-21,14,7.7,20.9,,46,12.5,,1.8
2015-04-22,14.2,9.3,20.7,0,47,11.2,,2.8
2015-04-23,14.5,8,20.1,,41.1,10.8,,3.5
2015-04-24,15.7,10.4,22.8,,38.3,12.2,,0.9
2015-04-25,15.9,9.2,23,,31.3,12.6,,0
2015-04-26,17.3,9.9,24.4,,37.6,11.7,,0
2015-04-27,18.5,12.7,24.9,,39.3,12.3,,1
2015-04-28,20.3,12.3,26.9,0,38.6,9.6,,7.1
2015-04-29,17,15.8,18.4,3.5,77,0,,9
2015-04-30,21.2,15.1,28.3,,56.6,12.3,,2.8
2015-05-01,21,15.9,27.2,,58.8,12.3,,0
2015-05-02,20.7,15.8,26,0.5,64.4,6.6,,7.1
2015-05-03,18.3,17.1,19.6,3.5,90.4,0.3,,8.9
2015-05-04,16.1,12.5,20.1,,45.9,12.4,,1.6
2015-05-05,14.2,8.3,19.9,,37.9,12.9,,0.1
2015-05-06,15.4,9.8,22,,36.3,6.6,,6.8
2015-05-07,16.5,10.6,24,,35.6,9.2,,6
2015-05-08,16.7,11.7,22.7,,64.3,3.9,,8.6
2015-05-09,17.6,12.6,24,,55,10.6,,4.6
2015-05-10,19.1,13.5,25.9,,39.6,11.9,,2.6
2015-05-11,18.4,14.4,24.1,14,62.1,3.8,,8
2015-05-12,13.3,10.3,17.5,9.5,75.9,4.7,,7.4
2015-05-13,17.4,11.8,21.4,0,56.9,12.4,,1.8
2015-05-14,20.4,15.3,26.6,,63.8,8.7,,4.8
2015-05-15,19.1,16.3,23.7,,71,3.6,,6.3
2015-05-16,18,11.6,25.2,,41.3,13.3,,0.4
2015-05-17,18.6,11.7,25.2,,40.4,13,,4.8
2015-05-18,17.7,13.7,22.2,,53.9,2.8,,8.4
2015-05-19,14.8,13,16.2,1,88.9,0.2,,9.4
2015-05-20,16.3,10.6,21.9,,60,12.9,,2
2015-05-21,18.7,12.6,26,,50.1,12.4,,2.5
2015-05-22,20,13.7,27.2,,45.3,12.9,,2.9
2015-05-23,20.6,13.6,28.3,,38.5,12.3,,1.9
2015-05-24,21,14,28.5,,37.3,13.5,,0
2015-05-25,20.8,14.4,28.7,,53.1,13.4,,0
2015-05-26,21.5,14.1,30.3,,48.9,13.4,,0.1
2015-05-27,23.2,14.4,31.5,,32.9,13.5,,2
2015-05-28,24.3,16.7,32.2,,27.1,12.3,,2.8
2015-05-29,23.8,18.5,29.8,,36.8,8.1,,7.3
2015-05-30,19.8,17,23.2,0.4,71,4,,6.1
2015-05-31,22.1,15.3,30.4,,52.8,12.5,,3
2015-06-01,21.7,15.8,28.5,,44.6,12,,5.6
2015-06-02,23.1,18.1,29.8,,46.9,12.5,,7.8
2015-06-03,23.3,17.1,29.4,,33.3,13.2,,2.6
2015-06-04,24.2,17.1,31.5,,28.9,9.9,,4.6
2015-06-05,19.1,17.5,22,1,58.8,0.3,,9.3
2015-06-06,22.4,16.4,28.9,,50.4,11,,3.5
2015-06-07,23.4,18.7,31.5,,46.8,8.2,,3.4
2015-06-08,22.4,18.2,27.8,,54.9,5.1,,7.9
2015-06-09,22.2,18.8,28.1,,66.3,10.6,,4.1
2015-06-10,25.3,17.6,34.9,,54.3,11.1,,2.6
2015-06-11,24.6,20.7,30.2,7.5,59.6,4.2,,7.3
2015-06-12,23.6,19.4,29.9,0.5,63.1,11.9,,5.8
2015-06-13,24.7,20.1,30.9,0.5,61.9,8.5,,7.1
2015-06-14,22.8,17.8,27.7,15.5,70.3,8.5,,5.3
2015-06-15,24.2,19.6,30.6,,65.6,9.2,,6.3
2015-06-16,25,20,30.9,,65.9,9.8,,4.6
2015-06-17,23.4,20.2,30.8,9.5,72.8,7.1,,5.4
2015-06-18,24.8,19.6,31.3,3,59.4,8.9,,7.1
2015-06-19,24.5,20,29.9,,57.8,9.2,,5.8
2015-06-20,19.6,17,22.6,44.5,91,0,,7.5
2015-06-21,22.4,15.6,29.6,,69.1,12.8,,0.9
2015-06-22,24,19.4,29.1,,60.4,11.3,,3.8
2015-06-23,24.7,19.7,31,,64.1,11.7,,2.9
2015-06-24,25.7,21.1,30.6,,58.3,8.6,,6.1
2015-06-25,24.8,21,29.1,2,65.1,2.4,,8.9
2015-06-26,21,18,25.3,12.5,75.8,0.3,,9.6
2015-06-27,25.2,19.2,31.1,,55.3,12.6,,3.1
2015-06-28,25.4,21,31.1,,61.8,13,,3
2015-06-29,25.7,21.2,30.6,0,61.8,11.4,,6.8
2015-06-30,24.4,21.9,29.2,2.5,70,2.8,,9.1
2015-07-01,23.7,21,27.9,0.5,66.3,11.7,,4.4
2015-07-02,23.7,20.4,29.3,,64.5,11.1,,4.6
2015-07-03,23.3,19.2,28.3,,62.6,11.1,,2.1
2015-07-04,24.1,18.2,29.9,,55.8,10.9,,1.9
2015-07-05,24.2,20.1,29.6,,57.4,9.7,,5.1
2015-07-06,25.3,20.2,32.5,,54.3,9.9,,3.9
2015-07-07,25.6,21.4,29.7,,52.1,5.5,,7.6
2015-07-08,23.4,20.7,26.3,0.5,69.8,1.3,,9.4
2015-07-09,26.5,22.1,31.8,,61.3,4.5,,6.8
2015-07-10,29.2,23.6,34.3,,60.9,8.7,,5.6
2015-07-11,30.4,25.7,36,0,60.3,9.9,,7.5
2015-07-12,24.8,24,28,29,94.1,0,,10
2015-07-13,23.1,21.4,24.9,10,90.8,0.1,,9.5
2015-07-14,26.1,22.5,31.4,,72.4,10.1,,5
2015-07-15,27.9,22.7,33.9,,58.8,11.4,,3.3
2015-07-16,24.7,20.6,28.9,,51.3,11.2,,3.9
2015-07-17,23.6,18.4,28.6,,49.8,8.1,,6.1
2015-07-18,24.3,22.3,27.8,0.5,63.5,1.1,,9.9
2015-07-19,25.1,21.3,29.8,5,77.4,3.4,,8.6
2015-07-20,27.5,24.4,31.2,,71.4,1.7,,8.5
2015-07-21,27,24.6,29.6,11,81.6,0.3,,9.5
2015-07-22,27.7,25.3,31.7,1,76.9,2.2,,8.5
2015-07-23,26.9,24.9,32.1,16,81,2.3,,9.5
2015-07-24,24.7,22.6,25.4,26.5,96.9,0,,10
2015-07-25,25,24.4,26.4,80,95.1,0,,10
2015-07-26,26,23.5,30,40.5,85.5,4.3,,8.4
2015-07-27,26.2,24.4,30,1.5,86,3.6,,8.4
2015-07-28,27.7,24.6,31.2,0,74.4,7.2,,7.3
2015-07-29,26.7,24.8,28.8,4,82.9,0.2,,8.4
2015-07-30,28.6,25.5,33.1,,76.4,7.9,,6.9
2015-07-31,27.9,26.2,32.4,,74.3,6.7,,6.6
2015-08-01,28.2,26,31.6,,72.8,5.3,,6.9
2015-08-02,26.5,24.1,29.2,16.5,84.3,1.4,,8.4
2015-08-03,27.9,25.6,31.5,0,71.5,6,,5.8
2015-08-04,27.5,25.4,30.8,,73.3,3.7,,8.5
2015-08-05,28.6,25.9,32.7,0.1,67,7.5,,6.6
2015-08-06,29.3,24.5,34.4,,64.5,11.8,,3.1
2015-08-07,28.9,26,34.4,11,71.3,7.5,,2.8
2015-08-08,26.6,24.3,33,7.5,79.1,5,,6.5
2015-08-09,26.7,23.3,31,,74.4,9.6,,6.6
2015-08-10,27,23.9,32,,72.1,8.6,,6.5
2015-08-11,26.8,24.5,30.6,,73.6,2.2,,6.4
2015-08-12,27.3,22.1,32.9,,67.5,10.6,,2
2015-08-13,26.5,23.9,31.1,0,68.6,8.5,,4.8
2015-08-14,26.9,22.7,32.5,,66.4,11.2,,3.9
2015-08-15,27.1,23.1,30.8,0.1,70.4,6.5,,4.3
2015-08-16,25.8,20.7,31.2,29,74.9,1.7,,8.3
2015-08-17,26.6,19.8,32.9,,61.5,11.3,,3.3
2015-08-18,27.9,24.1,32.2,,59.9,8.7,,5.1
2015-08-19,26.8,24.2,29.7,0,70.3,0.2,,8.6
2015-08-20,25.4,24.2,28.1,0.4,75.5,0.8,,9.6
2015-08-21,25.2,23,29.3,2.5,78.3,4.3,,7.1
2015-08-22,25.5,23.4,29.6,0,69.8,6.9,,6.9
2015-08-23,26.3,20.9,31.7,,65.5,9.7,,4.4
2015-08-24,26.3,23.3,30.3,,60.6,5.3,,6.8
2015-08-25,21.7,19.2,24.5,5.5,76.4,0,,9.9
2015-08-26,21.9,18.9,25.3,0,68.4,3.6,,8.5
2015-08-27,24.7,21.2,30,0,61.1,12.2,,1.9
2015-08-28,23.2,19,28.1,0.3,69.4,6.8,,5
2015-08-29,24.4,19,30.8,,65.8,10.7,,1.3
2015-08-30,24.9,19.9,31,0,65.9,10.6,,1.3
2015-08-31,25.9,21,31.2,,62.9,8.8,,3.8
2015-09-01,25.9,22.6,30.7,,59.4,8.3,,7.4
2015-09-02,23.9,22,27.7,0.5,72.8,3.3,,8.5
2015-09-03,23.9,19.8,28.2,18,75.1,10.2,,4.1
2015-09-04,24.8,20.6,30.7,,68.5,8.4,,5
2015-09-05,21.9,19.4,23.6,5,79.8,0,,9.4
2015-09-06,22.2,19.3,26.2,,60.4,6.5,,4.8
2015-09-07,22.6,16.8,28.7,,52.9,12.2,,0.5
2015-09-08,22.7,16.2,28.9,,43.6,12.3,,0
2015-09-09,22.4,15.3,30.1,,42.9,12,,0.4
2015-09-10,22.4,17,28.4,,62.3,11.9,,0.9
2015-09-11,21,16.8,24.4,2.5,76.4,1.8,,9.3
2015-09-12,19.2,15.5,24,,60.4,5.8,,7.9
2015-09-13,20.2,15.2,26,,54.1,11.9,,0.5
2015-09-14,22.1,16.4,27.8,,61.1,10,,3.6
2015-09-15,22.8,17.4,28.7,,48.5,11.2,,3.8
2015-09-16,21.6,16,26.7,,45.5,11.7,,4.8
2015-09-17,21.4,15.5,27.6,,46.4,11.4,,1.5
2015-09-18,21.9,15.9,29.2,,52.1,10,,2.5
2015-09-19,22.3,17,29,,58.3,11.5,,2.6
2015-09-20,22.1,17.9,28.3,,69,7.7,,4.5
2015-09-21,22.6,16.5,29.4,,62.1,10,,0.4
2015-09-22,23.9,18,31,,48.4,11.2,,0.5
2015-09-23,22,19,26.1,,57.9,2.1,,6.6
2015-09-24,23.4,17.5,30.6,,56.4,10.3,,3
2015-09-25,23.4,19,29.8,,56.5,9.5,,2.9
2015-09-26,22.4,17.9,28,,54.5,11,,1.9
2015-09-27,21.9,14.2,29.8,,39.4,11.2,,0
2015-09-28,21.4,15.5,28.3,0,39.6,5.6,,5.8
2015-09-29,22.1,15.9,28.2,,36.6,9.4,,3.4
2015-09-30,21.3,19.4,26.2,,45.3,3.7,,8.9
2015-10-01,16.3,10.7,19.7,35,77.5,0,,8.3
2015-10-02,16.5,8.6,21.5,,53.5,10.5,,2.8
2015-10-03,19.2,13.3,24.5,,49.4,10.2,,4.5
2015-10-04,16.6,11.2,22.4,,38.9,8.9,,6.3
2015-10-05,18,11,25.6,,49.4,11,,0.1
2015-10-06,18.7,12.1,26.3,,57.5,10.5,,0
2015-10-07,19.6,14.1,25.7,,67.5,6.9,,4.8
2015-10-08,20.1,15.7,26.4,,61.1,9.8,,3.9
2015-10-09,16.2,12.8,20.5,,43.8,10.8,,0.8
2015-10-10,12.8,10.4,17.2,3.5,70.9,2.2,,8.6
2015-10-11,10.8,8.1,14.4,3.5,72.6,1.5,,6.8
2015-10-12,12.3,8.2,17.9,,56.5,10.6,,2.3
2015-10-13,15,7.8,21.3,,66.4,10.1,,0.8
2015-10-14,17.1,10.9,24.5,,64.6,9.2,,0.1
2015-10-15,17.9,12.1,26.1,,62.1,9.8,,3.1
2015-10-16,17.5,13.2,24.2,,71,7.6,,2.4
2015-10-17,18.7,12.4,26.6,,64.8,10.2,,0
2015-10-18,17.9,12.4,24.2,,65.1,9,,0.1
2015-10-19,18.1,13.6,23.9,,67.4,7.6,,0.5
2015-10-20,18.8,15.4,25.1,,69.5,6.9,,2.9
2015-10-21,17.9,13.9,22.7,,72.5,6.7,,0
2015-10-22,17.5,14.5,23.1,,64.8,4.6,,2.1
2015-10-23,17.5,15.2,21.4,,69.1,4.1,,6.1
2015-10-24,16.9,13.2,22,10.5,64.4,6.9,,4.4
2015-10-25,16.3,12.1,22.8,,51,8.6,,0.9
2015-10-26,15,12,18.7,2,66.8,2.4,,8.5
2015-10-27,12.1,7.7,15.9,26.5,69.3,7,,4.6
2015-10-28,9.9,5.6,15.8,,49,9.7,,0.3
2015-10-29,8.4,3.2,14.7,0.5,50.4,7,,2
2015-10-30,5.4,1.7,10.4,,41.8,9.7,,0.1
2015-10-31,5.7,1.1,12.3,,42.5,9.7,,0
2015-11-01,7,1.3,12.6,,48.4,4.7,,7.3
2015-11-02,10.8,6.1,15.2,,60.5,6.6,,4.9
2015-11-03,11.8,6.6,18.7,,67.6,9,,0
2015-11-04,12.2,5.8,19.8,,62,9.1,,2
2015-11-05,13.2,8.6,19.2,,63.9,8.1,,2.5
2015-11-06,13.5,9.6,19.2,4.5,63.9,5.6,,7.1
2015-11-07,10.5,9.3,11.7,24.5,91.5,0,,10
2015-11-08,11.1,10.3,11.8,10.5,90.6,0,,10
2015-11-09,10.8,9.8,12.1,3.5,87.6,0,,9.8
2015-11-10,10,7.7,13.5,,80,2.6,,5.9
2015-11-11,11.6,6.6,17.7,,72.4,7.1,,3.6
2015-11-12,14.5,10.2,21,,63.5,8.9,,3.1
2015-11-13,11.5,10.5,13.1,22.5,83.8,0,,9.8
2015-11-14,12.8,11,14.2,3.5,97.3,0,,9.4
2015-11-15,13.4,10.6,17.2,,84.5,5.4,,6.3
2015-11-16,12.2,10.7,14,5.5,85.1,0,,9.3
2015-11-17,13.9,11,19.3,,69.6,8.8,,4.6
2015-11-18,10.4,8.4,12.6,5.5,70.6,0,,8.9
2015-11-19,8.9,6.7,10.8,,72.8,0,,7.6
2015-11-20,9.8,7.1,14.4,,72.6,5.3,,5.8
2015-11-21,9.2,5,15.4,,55.9,8.2,,2.1
2015-11-22,10.2,5.9,15.7,3.5,66.5,3.2,,8.1
2015-11-23,8.5,6.5,11,6.5,80.9,0,,9.5
2015-11-24,5.6,2.7,8.8,0.5,69.5,0,,8.3
2015-11-25,2.4,0.9,5.3,11,86.8,0.4,,9.4
2015-11-26,-2.7,-4.8,0.9,0,63.8,2.3,,7
2015-11-27,-2.8,-7.3,2,,59.1,5.2,,4.4
2015-11-28,0.1,-2.7,2.6,0.1,70.8,0,,7.6
2015-11-29,2.5,1,3.9,3,87.9,0,,9.8
2015-11-30,4.1,0.9,8.5,,69.1,8.5,,2.5
2015-12-01,4,-1.3,10.4,,57.8,9.1,,1.5
2015-12-02,6,2.9,8.5,13.5,71.4,0.5,,7.8
2015-12-03,-0.7,-3.2,3.3,7.1,79.3,1.3,6.5,8.3
2015-12-04,-0.4,-4.4,3.1,,63.9,6.9,,3.4
2015-12-05,3.4,0.6,7.2,,51.4,7.8,,6.3
2015-12-06,1.3,-2,7.8,,46.4,7.5,,5
2015-12-07,1.9,-3.4,6.7,,51.1,8.8,,1.9
2015-12-08,2.9,-1.4,9.6,,55.9,9,,0
2015-12-09,5,-0.8,10.9,,57.4,7.2,,5.3
2015-12-10,7.8,5.8,9.2,0.3,74.8,0,,8.8
2015-12-11,6.4,3.3,12.2,,56.5,7.7,,2
2015-12-12,5.2,1.1,11,,50.1,8.9,,1.3
2015-12-13,5.2,0.9,12.2,,50.5,8.9,,1.6
2015-12-14,5,2.6,6.4,2.5,75.6,0,,9.8
2015-12-15,4.7,2,8.2,0.1,69.8,3.2,,8
2015-12-16,-1,-5,2.8,,50.9,8.3,,2
2015-12-17,-4.6,-7.4,-0.4,,43.4,9.1,,0
2015-12-18,-3.3,-7,-1,0,61.9,0,,6.3
2015-12-19,-0.1,-4.6,6.8,,66.3,8.8,,0.5
2015-12-20,1.5,-3.4,6,,56.9,3.6,,7
2015-12-21,2.2,-0.2,5,2,76,2.4,,5.8
2015-12-22,3.1,-1.5,7.7,,67.9,7.1,,3.8
2015-12-23,5.9,2.9,10.6,0.4,59.6,5.9,,4.5
2015-12-24,1.5,-1.6,5.3,,67.5,4.7,,4.5
2015-12-25,-0.8,-4.9,3.7,0,46.3,9.1,0.2,2.3
2015-12-26,0.9,-3.2,4.7,0.7,73.3,0,1,4.5
2015-12-27,-5.7,-8.9,-1,,39,9.2,,0
2015-12-28,-5.7,-9.5,-1,,38.4,9.2,,0
2015-12-29,-3.2,-8.7,2.9,,47.6,7.6,,3.8
2015-12-30,0.3,-3.5,4.3,2.5,67.6,3.1,,6.9
2015-12-31,0.7,-1.9,2.8,,81.3,2.9,,5
2016-01-01,1.2,-3.3,4,,73,2.1,,7
2016-01-02,5.7,1,9.5,,76.9,3.6,,7.8
2016-01-03,6.5,5.1,9.4,,80.6,2.2,,7.5
2016-01-04,2,-2.5,5.3,,54.4,8.6,,4.4
2016-01-05,-2.7,-4.8,1.5,,39.4,7.9,,3.4
2016-01-06,-1.7,-4.9,1.7,,54.3,2.2,,6
2016-01-07,-3.4,-5.9,1.4,,51.8,9.1,,0.3
2016-01-08,-3.3,-6.9,1,,49.8,9.2,,0.5
2016-01-09,-2.1,-6.2,2.4,,57.1,8,,4.1
2016-01-10,0.3,-2.7,3.8,,42.3,7.9,,2.6
2016-01-11,-3.8,-6.5,0.9,,38.3,9.1,,1.1
2016-01-12,-5.2,-9.1,0.7,,46,9.1,,0.5
2016-01-13,-4.5,-8.2,0.1,0.4,63,5.8,0.5,5.5
2016-01-14,-3.4,-8.4,1.3,0,52.1,7.7,0.4,4
2016-01-15,-0.4,-4.3,5.3,,52.3,6.1,0,3.1
2016-01-16,-0.2,-2.1,2.8,0.1,68,1,,7.1
2016-01-17,1.7,-0.7,5.4,,64,0,,6.6
2016-01-18,-6.3,-12.3,0.4,0.2,59.8,7.8,0.4,6
2016-01-19,-12.8,-15.1,-8.9,,45.9,9.3,,0.5
2016-01-20,-10.5,-14.5,-5.2,,43.6,9,,1.9
2016-01-21,-7.1,-10.2,-2.3,,44.3,6.5,,3.9
2016-01-22,-7.6,-11.1,-3.8,,40.5,6.2,,5.4
2016-01-23,-11.5,-16,-8.3,0,42,8.3,,3.5
2016-01-24,-14.4,-18,-10.5,,48.5,9.3,,0
2016-01-25,-9.4,-14.3,-3.4,,47.1,9.5,,0.9
2016-01-26,-3.3,-8.5,1.7,0.3,64.5,4.5,0.5,6.1
2016-01-27,-1.1,-4.7,4.3,,56.3,9.4,,2.4
2016-01-28,-0.5,-5.6,3.5,,51.5,2.4,,6.5
2016-01-29,1.9,-1.4,5.4,,43.6,0.1,,7.5
2016-01-30,0.6,-2.5,5.2,,59.5,6.3,,4.5
2016-01-31,-3.9,-6.5,0.3,,34,7.9,,3.1
2016-02-01,-6,-9.1,-1,,36,9.6,,0.4
2016-02-02,-5.3,-10,0.9,,41.8,9.8,,0
2016-02-03,-2.4,-8.3,4,,49.6,7.5,,1.8
2016-02-04,-0.7,-4,3.9,,50.1,7.9,,2.9
2016-02-05,-2.2,-6.8,3.4,,39.4,8.9,,1.6
2016-02-06,-3.1,-6.2,2,,38.6,9.8,,0
2016-02-07,-2.9,-8.3,3.5,,46.5,9.8,,1
2016-02-08,1.3,-4.3,5.5,,62.1,2.8,,6.9
2016-02-09,0.3,-3.9,5.5,,52.5,9.5,,0.5
2016-02-10,2.7,-4.3,10.7,,38.5,9.8,,0
2016-02-11,8.1,1.6,13.5,0.1,29.3,4.6,,6
2016-02-12,8.4,6.8,10,18,95.3,0,,10
2016-02-13,11,5.8,14.4,21,95,0,,9.9
2016-02-14,-2.6,-6.8,5.8,2.5,73.1,0.1,,7.8
2016-02-15,-5.8,-10,-2.3,0,48.4,9.8,,1.5
2016-02-16,-2.7,-6.7,1.1,0.8,65.6,3.2,1.2,3.8
2016-02-17,0,-5.2,5.4,,53.9,10,,0.3
2016-02-18,3.5,-1.4,7.8,,66.4,5.9,,5.4
2016-02-19,2.3,0.1,4.4,,56.4,0.5,,6.8
2016-02-20,1.3,-2.5,6.3,,37.1,9.4,,1.9
2016-02-21,-0.6,-4.2,4.4,,36.4,10,,3
2016-02-22,1.1,-2.2,4.2,0,36.6,0,,9.5
2016-02-23,0.7,-4.5,4.5,0.9,56,9.1,0.3,4.3
2016-02-24,-3,-6.8,2.2,,42,10.3,,0.3
2016-02-25,-0.2,-5.8,5.7,,49.9,10.1,,2.4
2016-02-26,2.2,-3.2,7.5,0,41.3,10.4,,3
2016-02-27,3.3,0.5,8.1,0.2,57.6,6.3,,6.6
2016-02-28,0.7,-2.6,6.9,4.1,65.5,1.5,5,6.1
2016-02-29,-3.8,-5.9,-1.1,0,48.6,8.6,4.3,2.5
2016-03-01,-2.7,-7.5,2.1,,47.3,9.3,,1.5
2016-03-02,3.1,-2.2,8.1,,67.9,5.4,,6.4
2016-03-03,8.1,4.4,13.9,,65.1,5.4,,5.6
2016-03-04,13.2,6.4,20.3,0.1,55.3,9.8,,5.3
2016-03-05,11.3,9.1,13.5,40,91.3,0,,9.8
2016-03-06,7.9,4.3,12.9,0.2,51,8.8,,2.4
2016-03-07,8.1,4.8,12.2,0,36.9,0.8,,8
2016-03-08,2.7,-1.4,7,,40.4,2,,8.5
2016-03-09,0.3,-2.7,5.3,,37.5,9.9,,4.4
2016-03-10,-1.1,-4.3,3.1,,37.8,10.9,,1.3
2016-03-11,-0.5,-5.5,4.6,,43.8,11.2,,0
2016-03-12,2,-3.3,6.4,,55.6,5.8,,5.4
2016-03-13,3.7,1.9,6.5,0.1,68.1,0.6,,7.8
2016-03-14,4.7,1.3,9.6,,57,9.2,,3.5
2016-03-15,5.2,-1,12.4,,43.4,8.9,,3.8
2016-03-16,7.5,2.7,13.8,,45.1,10.1,,2.4
2016-03-17,9.3,2,14.7,,40.9,6.4,,6.1
2016-03-18,13.4,8.8,20.1,,50,6.7,,4.4
2016-03-19,11.4,6.6,18.1,,58.3,10.6,,0
2016-03-20,10.6,4.9,17.5,,54,10.4,,0.5
2016-03-21,9.9,5.5,16.1,,54.1,10.8,,0.1
2016-03-22,8,3.5,13.8,,58.1,10.2,,3.9
2016-03-23,8.2,3.8,13.8,,49.6,10.4,,3.1
2016-03-24,7.2,1.6,12.7,,36.5,11.6,,0.4
2016-03-25,7.1,2.1,12.6,,43.9,10.7,,1
2016-03-26,6.5,2.1,12.6,,54.5,9.2,,0.5
2016-03-27,7.2,2.2,13.1,,55.6,11.1,,0
2016-03-28,9.8,2.3,17.4,,47.8,11.3,,0.3
2016-03-29,11.3,7.6,17.1,0.1,57.8,5.9,,7.4
2016-03-30,11.5,7,18.3,,49.9,10.5,,2
2016-03-31,13.5,6,21.4,,27,9.8,,4.5
2016-04-01,15.3,7.3,23.8,,26,10.3,,3
2016-04-02,15,9.6,21.7,,40.8,9,,2.4
2016-04-03,10.7,8.2,12.7,2,75.1,0,,8
2016-04-04,12.3,5.1,19.8,,42.6,11.2,,2.3
2016-04-05,11.4,5.9,18.1,,45.1,11.6,,0.8
2016-04-06,14.4,6.6,22.9,3,44.3,8,,6.8
2016-04-07,14.1,10.5,20.6,7.5,69.5,8.8,,3.9
2016-04-08,11.1,7.8,18.7,,76.1,9.2,,3.8
2016-04-09,10.7,7.4,14.1,,83.9,0,,8
2016-04-10,13.4,9.3,20.7,,71.3,5,,5
2016-04-11,12.5,5.7,19.4,,43.8,12,,0
2016-04-12,14.1,10.3,19.4,,42.6,7.8,,6
2016-04-13,15.6,11.4,21.4,1,67.5,6.8,,5.1
2016-04-14,12.4,9.3,18.6,,75.9,6.5,,2.3
2016-04-15,15,8.1,23.1,,46.4,11.5,,0
2016-04-16,14.9,9.8,20.7,23.5,58.9,2.8,,7.5
2016-04-17,10.8,8.3,14.5,20.5,66.8,6.9,,6.1
2016-04-18,11.2,7.1,18.6,1.5,65.4,9.2,,5.5
2016-04-19,12,6.5,19.2,,55.1,12,,2.5
2016-04-20,14.3,10.1,20.9,0.5,54,5.3,,8.9
2016-04-21,13.5,10.3,16.9,17,87.6,0,,9.4
2016-04-22,13.5,10.1,18.6,0,83.4,2,,7.6
2016-04-23,13.5,7.8,19.8,,52.1,7.9,,6.3
2016-04-24,15.5,8.1,23.7,,39.6,11.4,,2.3
2016-04-25,17.2,10.2,25.3,,34.8,11.9,,0.8
2016-04-26,21.1,12.1,29.6,,34.8,9.9,,5.9
2016-04-27,17.2,14.5,20.7,,32,0,,9.6
2016-04-28,17.2,12.4,23,,34.4,9.4,,6.4
2016-04-29,16.2,10.9,22.6,0.3,47.6,11.6,,2.5
2016-04-30,15.9,10.8,20.4,,45.3,1.5,,5.4
2016-05-01,18.8,12.2,26,,40.5,6.8,,5.6
2016-05-02,21.1,16.5,28.4,16.5,64.5,7.5,,7
2016-05-03,12.9,8.9,17.6,27,86.1,0,,10
2016-05-04,15.7,10.2,20.6,,46.6,12.8,,1.6
2016-05-05,18.9,10.2,26.9,7.5,50.8,10.9,,4.5
2016-05-06,16.3,13,18.6,9.5,89.3,0,,9.3
2016-05-07,16.5,10.7,22.6,,60.3,12.4,,2
2016-05-08,19.4,11.6,26.8,,44.8,11.5,,5.4
2016-05-09,20.2,16.3,25.4,0,43,5.4,,8.3
2016-05-10,14.5,12.5,18.1,13.5,82.4,0.1,,9.1
2016-05-11,16.4,10.4,23.5,,60.9,12.9,,2
2016-05-12,17.8,12.1,24,,62.4,12.5,,3.3
2016-05-13,18.6,12.7,25.4,0.5,57,11.6,,3.6
2016-05-14,20.2,15.1,26.9,,47.1,11.1,,5.5
2016-05-15,17.4,12.3,24.2,45,73.9,4.5,,9
2016-05-16,15.9,10.8,21.9,2.5,57,12.3,,3
2016-05-17,19.3,10.9,26.6,,48.8,13.1,,0
2016-05-18,22.3,13.5,29.5,,40.3,13.2,,0.5
2016-05-19,24.3,16.3,31.9,,36.4,13.4,,0
2016-05-20,24,16.8,31.6,,32,12.8,,0.6
2016-05-21,24.1,17.8,30.4,,23.8,12.4,,2.6
2016-05-22,24.7,17.6,31.7,,35,11.8,,2.8
2016-05-23,23.3,18.3,29.4,,43,7.7,,7.5
2016-05-24,16.8,15.4,21.8,38.5,82.6,2.3,,7
2016-05-25,19.7,15.3,24.4,,67.9,5.1,,6.9
2016-05-26,19.4,17.5,22.9,0,72,1.5,,8.1
2016-05-27,20.9,14.8,27.1,,61.3,8.3,,7.1
2016-05-28,21.7,17.2,28,,56.1,13.1,,2.9
2016-05-29,21.5,17.2,27.6,,56.1,8.7,,4.1
2016-05-30,22.1,16.9,28.9,,57.3,12.8,,0
2016-05-31,21.6,17.4,27.6,,63.6,11.6,,2.9
2016-06-01,23.3,17.1,29.9,,45.8,13.1,,2.4
2016-06-02,23.2,17.2,29.1,,38.3,13.5,,0.6
2016-06-03,22.2,17.6,27.7,,48.1,11.7,,4
2016-06-04,21.2,18.2,26.3,,51.8,2.7,,7.5
2016-06-05,24.7,17.3,32.2,,47.3,11.8,,3.5
2016-06-06,23.3,20.8,28.4,0,49.1,4.6,,7.4
2016-06-07,21.7,19.6,25.9,0.1,69.5,2.3,,6.8
2016-06-08,22.1,18.2,27.7,,65.9,11.6,,5.1
2016-06-09,24.1,17.8,31.3,,59.5,12.4,,1.4
2016-06-10,24.6,20.2,31.3,,60.9,12.1,,2.1
2016-06-11,23.5,20.9,26.5,3,74.3,0.7,,8.3
2016-06-12,23.5,19.9,26.7,1.5,79.4,3.9,,8.3
2016-06-13,23.5,19.4,29.6,,70.5,9.2,,5.1
2016-06-14,23.8,19.7,29.5,0,62.5,7.8,,6
2016-06-15,20.9,17.4,24.5,15.5,81.8,1.9,,9
2016-06-16,20.9,18.6,24.9,0,73.5,7,,6.9
2016-06-17,23.8,18.6,29.1,,63.1,12,,2.5
2016-06-18,24.5,20.1,29.9,,58,12.5,,1.3
2016-06-19,24.1,20.3,29.3,0,64.5,8.8,,4.4
2016-06-20,24.7,19.6,30.7,,66,6.3,,6.8
2016-06-21,26,21,31.3,,60.1,7.2,,6.1
2016-06-22,24.3,20.9,30.2,30.5,75.1,1,,6.4
2016-06-23,24.7,19.6,29.4,0.1,71,7.3,,5
2016-06-24,23.1,21.1,25.7,3.5,75.8,3.2,,7.3
2016-06-25,22.8,19.2,26.7,,63.1,9.1,,4.5
2016-06-26,24.4,19.4,30.3,,58.4,13.4,,0.8
2016-06-27,24.4,19.9,29.5,,55.5,5,,6.6
2016-06-28,24.7,20.4,29.7,,61.1,9.2,,5
2016-06-29,25.3,20.9,30.2,,58,7.5,,6.9
2016-06-30,24.6,23,26.9,0.2,78.1,0.9,,9.5
2016-07-01,24,22,26.6,108.5,86.5,0,,9.9
2016-07-02,23.5,20.6,27.7,4,81.4,4.3,,8
2016-07-03,23.5,21.1,26.8,,70.4,3.8,,6.5
2016-07-04,21.8,20.2,24.1,29.5,85.1,0.8,,9.1
2016-07-05,23.1,20.2,24.8,100.5,93.6,0,,10
2016-07-06,22.9,20.3,26.9,0,74,6.7,,6.8
2016-07-07,24,20.1,28.5,0,71.6,5.7,,7.5
2016-07-08,27.3,21.2,32.4,,66.5,13.3,,0.1
2016-07-09,27.7,23.2,32.7,,64.8,12.1,,3.1
2016-07-10,27.9,23.2,33.1,,64.4,8.6,,7.3
2016-07-11,28.4,24.8,33.4,0,67.4,5.6,,8.1
2016-07-12,26.3,22.1,30.9,3,65.5,8.3,,7.3
2016-07-13,26.3,23.2,29.5,0,69,4.6,,7.6
2016-07-14,27.5,24,32.4,0.1,66.9,9.9,,5.8
2016-07-15,26.2,23.7,29.2,1.5,60,2.6,,9.3
2016-07-16,20.8,19.8,23.8,46.5,92.8,0,,10
2016-07-17,21.7,20.4,23.1,2.5,82.9,0,,10
2016-07-18,24.4,20.7,28.4,0.2,75.1,8.1,,5.9
2016-07-19,27.1,20.9,32.4,,65.5,10.3,,3.6
2016-07-20,28.6,24,32.9,,62.5,6.8,,5.4
2016-07-21,28.3,24.9,32.2,,61.3,4.9,,6.8
2016-07-22,29.1,25.3,34.1,,64,6.5,,6.5
2016-07-23,28.7,27.2,31.6,0.5,70.4,3,,8.8
2016-07-24,28,27,30.1,0.5,77.9,0.5,,9.6
2016-07-25,28.4,26.4,31.4,,75.3,3.1,,6.6
2016-07-26,28.4,25.6,31.9,,69,6.1,,6.8
2016-07-27,27.6,26.7,28.9,0.5,76.4,0.2,,9.4
2016-07-28,28,26.7,30.5,0.2,70.6,10,,6.3
2016-07-29,26.3,23.4,28.4,59.5,82.3,0.5,,9.6
2016-07-30,28.6,26.4,33,0.5,73.5,6.5,,5.9
2016-07-31,28.9,26.6,32.8,0.2,72.1,7.6,,5.4
2016-08-01,28.4,25.8,32.4,,72,5.6,,6.3
2016-08-02,27.2,25,31.1,2,72.5,1.1,,7.6
2016-08-03,29.1,24,34.2,,65.4,11.8,,4.1
2016-08-04,30.7,26,35.7,,59.6,11.4,,1.1
2016-08-05,31.2,26.5,36,,60.1,11.4,,1.9
2016-08-06,30.5,26.6,34,,64.8,8.8,,1.9
2016-08-07,30.6,27,35,,56,11.9,,0.9
2016-08-08,30.5,26.4,35.5,,63.1,10.6,,2.5
2016-08-09,29.3,26.4,33.6,1,68.3,6,,3.8
2016-08-10,29.4,26.1,34.8,,66.3,9.3,,4.4
2016-08-11,30.5,26.1,36.4,,64.1,12.8,,0.3
2016-08-12,30.4,26.4,35.9,,68.3,11.8,,1.8
2016-08-13,30.2,26.8,35.1,,67.9,10.4,,3
2016-08-14,28.9,27.3,31.8,0.2,74,4.8,,5.3
2016-08-15,29.1,25.8,34,0,65.5,8.6,,6.1
2016-08-16,29.3,26.2,34.9,0.5,64.9,7.8,,4.5
2016-08-17,29.9,25.1,34.7,,60.4,11.5,,3.3
2016-08-18,29.9,26.2,34.3,,61.9,3,,7
2016-08-19,28.9,26.6,33.2,11.5,69.5,1,,7.5
2016-08-20,30.1,26.5,34.9,,59,4.6,,6.9
2016-08-21,30.7,26.9,36.6,0,57.5,8.3,,4.4
2016-08-22,30.7,25.8,36.3,0.4,58,11.7,,3.6
2016-08-23,28.3,26,33,8,68.8,4.8,,5.1
2016-08-24,29.1,26.4,32.9,0,59.1,6.9,,5.4
2016-08-25,27.1,24,32.2,4.5,70.4,3.2,,7.4
2016-08-26,23,19.5,28.2,20,57,7.6,,4.3
2016-08-27,23.4,16.9,29.7,0,43.3,12.4,,4.9
2016-08-28,21,18.3,24.5,1.5,62.5,3.6,,8.3
2016-08-29,22.2,17.4,27.1,,54.5,7.1,,5.1
2016-08-30,20.6,17.9,24.5,0,60.4,6.3,,6.1
2016-08-31,17.7,16.1,19.2,17.5,85.3,0,,8.4
2016-09-01,23.2,15.8,28.6,,71.3,8.8,,2.9
2016-09-02,24.2,20.6,29,4.5,68.5,9.1,,6.5
2016-09-03,23.9,20.4,28.6,0.5,73.8,3.1,,6.1
2016-09-04,25.6,22.1,29.6,,71.3,2.7,,7.3
2016-09-05,26.4,23,31.1,,66.1,8.4,,5.4
2016-09-06,24.7,21,29,,69,8.3,,4.4
2016-09-07,24.3,20.9,28.6,,69.8,2.5,,6.9
2016-09-08,23,21.5,26.5,4.5,76.4,3.8,,8.1
2016-09-09,23.9,19.7,29.3,,71.1,9.3,,4.4
2016-09-10,24.4,20,29.1,,65.4,7.1,,6.3
2016-09-11,24.5,22.1,28.2,,66.3,3.8,,7.1
2016-09-12,23.4,21.4,27.5,2.5,68.9,6.2,,4.5
2016-09-13,24.6,19.6,30.8,,62.5,8,,3.8
2016-09-14,24.6,21.4,28.9,,66.1,7.2,,5
2016-09-15,23.9,18.8,29.5,,68.1,5.8,,7.6
2016-09-16,24.6,20.4,29.5,,64.9,3.8,,9.3
2016-09-17,23.1,18.5,28.2,7,64.8,7.1,,4.9
2016-09-18,23.5,20.2,28.3,,53.4,9.3,,5.4
2016-09-19,21.9,18.2,27.8,,53.3,10.1,,1.4
2016-09-20,20.6,15.4,26.8,,41.1,11.6,,1.1
2016-09-21,20.2,14.3,25.3,,43.4,10.8,,5.6
2016-09-22,21.9,17.5,27.2,,46.3,9,,3.9
2016-09-23,21.4,16.4,27.9,,57.9,9.1,,2.6
2016-09-24,22.3,16.5,28.9,,60.6,9.3,,3.3
2016-09-25,23,18.6,29.7,,57.6,5.2,,6.8
2016-09-26,23.6,19.7,28.9,,59.1,6.5,,5.4
2016-09-27,21,19.1,23.8,13.5,82.5,0,,9.6
2016-09-28,19.9,18.7,21.8,0.5,84.6,0,,10
2016-09-29,20.4,18.2,24.8,,64.4,5.3,,8.4
2016-09-30,20.5,17.7,23.5,,66.9,0.4,,8.8
2016-10-01,21.1,17.5,25.6,,69,4.3,,7.8
2016-10-02,19,16.7,22.4,18.5,84.1,0,,9.8
2016-10-03,22.7,19.6,27.9,6.5,73.3,8.5,,4
2016-10-04,22,15.6,29,,58.9,10.9,,0.9
2016-10-05,21.1,17.5,27.2,,61.9,6.1,,3.4
2016-10-06,18,13.6,23.5,,59.3,10.7,,2.8
2016-10-07,19.7,16.5,24.8,2,67.8,4.7,,8.8
2016-10-08,16.8,10.3,21.8,6,66.4,7.2,,5.5
2016-10-09,11.3,6.5,16.6,,46.3,10.7,,3.3
2016-10-10,14,7.4,21.4,,43.3,10.3,,4.4
2016-10-11,15.4,10,21.1,,62.4,8,,6
2016-10-12,15.5,11.4,20.7,,57,10.5,,3.3
2016-10-13,15.2,9.3,21.9,,44.1,9.3,,3.8
2016-10-14,16.7,10.5,23.5,,61.8,8.5,,0
2016-10-15,19.1,12.4,27.1,,60.6,8.3,,4.1
2016-10-16,17.2,15.4,19.5,1.5,74.1,0,,9.4
2016-10-17,17.5,14.5,21.7,,76.1,7.2,,6.1
2016-10-18,17,11.2,24,,70.9,8,,3
2016-10-19,18,14,24.3,,67.6,8.7,,1.3
2016-10-20,18.6,12.9,25.8,,61.3,9.3,,1.6
2016-10-21,17.9,15.7,22,,58.6,3.2,,9.4
2016-10-22,18.3,14.5,22.8,,59,5.4,,6.8
2016-10-23,13.3,10.6,17.8,2.5,66.3,0.1,,9.4
2016-10-24,15.1,9,20.6,,54.8,9.4,,5.6
2016-10-25,14.1,12.5,17.5,37,84,3.2,,7.6
2016-10-26,13.3,10.5,16.3,0,81,2.2,,5.4
2016-10-27,14.6,8.6,20.9,,65.4,5.9,,6.5
2016-10-28,14.6,10.2,18.4,0.3,61.8,4.3,,8.8
2016-10-29,7.8,3.5,11.2,,40.3,1.1,,6.6
2016-10-30,7.9,1.6,15.1,,31.9,9.7,,0.9
2016-10-31,5.7,0.7,8.2,0.5,59.9,0,,7.4
2016-11-01,1.5,-2.4,6.6,,43.6,9.8,,0
2016-11-02,4.1,-2.7,10.5,0.1,53.1,7.6,,4.4
2016-11-03,9.1,4.2,14.1,0.2,62.8,8.8,,4.9
2016-11-04,12.3,8.2,15.7,0,67,2.6,,8.3
2016-11-05,15,12.2,18.1,0,77.4,2.8,,7.3
2016-11-06,14,11.9,18.3,,59.4,5.4,,7.5
2016-11-07,12.8,8.5,17.8,5.5,71.3,2.2,,9
2016-11-08,4.1,0.4,8.4,0.5,58,9.1,,2.4
2016-11-09,2.1,-3.2,8.6,,41.1,9.7,,1.4
2016-11-10,6,1.5,9.8,0.4,55.5,0.3,,9.5
2016-11-11,9.1,6.2,14.2,4,63.3,8.6,,2
2016-11-12,11.4,5.1,16.7,,62.1,8.2,,3.3
2016-11-13,14.4,12.1,18.1,0.5,74.8,3.1,,7.3
2016-11-14,13.2,10.2,15.8,1.5,78.5,0,,7.9
2016-11-15,5.2,2.5,10.2,,44.3,9.5,,0
2016-11-16,5.2,0,12,,44.3,8.6,,1.1
2016-11-17,9.1,4,16.5,,56.4,8,,2
2016-11-18,10.3,4.9,14.6,0,58.4,4.1,,5.6
2016-11-19,13,9.9,18.6,0,71.1,4.2,,8.9
2016-11-20,9.8,6.4,15.3,,48.6,9.1,,1.6
2016-11-21,9.5,5.1,14.6,,40.5,1.1,,7.8
2016-11-22,2,-2.1,8.4,0.2,43.3,4.8,,8.4
2016-11-23,-1.8,-4.8,3.6,,37.5,7.6,,3.4
2016-11-24,-2.5,-6.2,2.4,,37.8,9.2,,0
2016-11-25,1,-3.5,6,,43.9,7.4,,4.3
2016-11-26,0.9,-0.7,2.7,2.8,69.6,0,0.8,7.5
2016-11-27,3.3,0.5,6.6,0,81.3,1.7,,7.5
2016-11-28,1.4,-1.4,5.6,,57.9,8.9,,0
2016-11-29,1.7,-2.8,8.6,,40.8,9.3,,0.1
2016-11-30,6,0.7,9.8,1,59.8,1.6,,8.9
2016-12-01,4.1,-1,7,,47.6,8.5,,1.3
2016-12-02,1.6,-3.5,7.9,,48.4,9.3,,0
2016-12-03,4.5,-0.7,11.3,,58.8,7.9,,5.5
2016-12-04,5.5,2,9.5,,60.1,0.5,,8.8
2016-12-05,5.9,0.5,10.3,1.5,69.1,2.3,,7.9
2016-12-06,-1.1,-4.2,4.3,,38.5,9.3,,0
2016-12-07,1.7,-2.7,7.5,0,58.3,4.1,,3.9
2016-12-08,2.1,-3,6.1,3,70,3.8,,6.1
2016-12-09,1.4,-2.9,4.2,3,65.8,7.2,,3.9
2016-12-10,-1.6,-5.9,3.6,,47.6,9.2,,0.1
2016-12-11,-1.1,-6.1,6.4,,42.6,9.2,,0.4
2016-12-12,2.3,-3,6.3,,37.9,3.9,,8
2016-12-13,3.4,-0.4,8.8,,53.6,4.7,,4.6
2016-12-14,-1.4,-2.3,-0.1,0.1,68.1,0.2,,7.3
2016-12-15,-5,-7.6,-1.5,,41.8,9.1,,0
2016-12-16,-4.7,-9.8,0,,40.3,9.2,,2
2016-12-17,2.7,-2.7,8,0,60.1,6.3,,6.6
2016-12-18,4.9,2.7,8.1,,68.8,0.1,,8.5
2016-12-19,7.2,4.3,12,0.1,66,3.8,,6.9
2016-12-20,7.6,4.4,13.6,,71.3,8.9,,2.4
2016-12-21,7.9,4.1,12.6,29,75.5,3.4,,8.1
2016-12-22,5.5,1.5,11,23.5,90.3,0,,9.8
2016-12-23,-2.5,-4.4,1.5,0.1,71.1,0.8,,8.9
2016-12-24,-2.4,-4.3,1.1,,66,3.1,,5.5
2016-12-25,1,-4.5,6.4,,69.5,6.1,,4.8
2016-12-26,2.5,1.3,4.4,0,73.8,0,,8.6
2016-12-27,-2.3,-6.3,1.3,0.5,54.6,8.4,0.5,2.8
2016-12-28,-3.7,-8.4,2.6,,49,9.1,,1.9
2016-12-29,-4.2,-7.2,-1.1,0.3,53.1,8.9,1,1.5
2016-12-30,-3.9,-9.1,1,,50.9,5.6,,3
2016-12-31,0.7,-3.6,5.7,0,65.4,3.5,,6.6
